,features,performance
0,"[0, 1, 2, 16, 27, 25, 57, 18, 58, 30, 38, 47, 22, 28]",0.7107933756026683
1,"[0, 1, 2, 3, 4, 5, 6, 16, 27, 9, 7, 30, 18, 10, 21, 58, 8, 24, 47, 14, 32, 51, 26]",0.7156695946987208
2,"[0, 1, 2, 3, 4, 5, 6, 7, 16, 27, 10, 18, 21, 8]",0.7089298923452878
3,"[0, 1, 2, 3, 4, 5, 6, 7, 8, 27, 16, 18, 52, 24, 30, 10, 13, 21, 57]",0.7131326090306673
4,"[0, 1, 2, 3, 4, 5, 6, 7, 8, 9, 16, 27, 18, 20, 23, 54, 43, 58, 30, 21, 11, 28]",0.7141233516060146
